symbol,last_1h_quote_volume,last_1h_close_time
ONDOUSDT,622488.7949,1790470799999
VIRTUALUSDT,235228.57254,1790470799999
KMNOUSDT,375398.63857,1790470799999
AWEUSDT,42941.5679,1790470799999
HUMAUSDT,68974.91785,1790470799999
SPKUSDT,189321.283473,1790470799999
BFUSDUSDT,5088.9102,1790470799999
PUMPUSDT,624791.649255,1790470799999
SKYUSDT,36559.75881,1790470799999
FFUSDT,24510.075347,1790470799999
MORPHOUSDT,197003.37214,1790470799999
KITEUSDT,314270.91531,1790470799999
ALLOUSDT,38054.51823,1790470799999
METUSDT,122700.90355,1790470799999
ATUSDT,2864.08172,1790470799999
KGSTUSDT,642.527333,1790470799999
币安人生USDT,77486.4171,1790470799999
UUSDT,278868.9551,1790470799999
SENTUSDT,68293.8565,1790470799999
ZAMAUSDT,393094.17611,1790470799999
ESPUSDT,1336012.94996,1790470799999
NIGHTUSDT,51575.26229,1790470799999
CFGUSDT,109502.11704,1790470799999
XAUTUSDT,73915.315539,1790470799999
AIGENSYNUSDT,44557.17617,1790470799999
OPGUSDT,78464.35791,1790470799999
MUBUSDT,73882.48313,1790470799999
CRCLBUSDT,412986.0398,1790470799999
NVDABUSDT,15590.92374,1790470799999
SNDKBUSDT,15288.144032,1790470799999
TSLABUSDT,11274.24046,1790470799999
SPCXBUSDT,83735.43119,1790470799999
AMDBUSDT,7091.70302,1790470799999
EWYBUSDT,2061.10766,1790470799999
INTCBUSDT,14590.59807,1790470799999
MSTRBUSDT,133450.72191,1790470799999
LITEBUSDT,2475.26999,1790470799999
METABUSDT,873.86012,1790470799999
MSFTBUSDT,4077.01742,1790470799999
PLTRBUSDT,744.80589,1790470799999
QQQBUSDT,71737.38959,1790470799999
GRAMUSDT,1479542.32252,1790470799999
CBRSBUSDT,3298.53082,1790470799999
COINBUSDT,2764.5086,1790470799999
DRAMBUSDT,10466.0309,1790470799999
GLWBUSDT,341.84298,1790470799999
GOOGLBUSDT,27211.37371,1790470799999
NBISBUSDT,248.45006,1790470799999
QCOMBUSDT,79.74215,1790470799999
SOXLBUSDT,6992.41912,1790470799999
SPYBUSDT,11879.14688,1790470799999
WDCBUSDT,1048.13626,1790470799999
SKHYBUSDT,5622.2409,1790470799999
AAOIBUSDT,300.32501,1790470799999
ARMBUSDT,93.72556,1790470799999
AVGOBUSDT,612.66382,1790470799999
BABABUSDT,4695.18713,1790470799999
HOODBUSDT,3430.27365,1790470799999
IBMBUSDT,1285.57799,1790470799999
MRVLBUSDT,329.53146,1790470799999
NOKBUSDT,182.5496,1790470799999
TSMBUSDT,73.13781,1790470799999
RKLBBUSDT,20348.8182,1790470799999
AEROUSDT,276352.79597,1790470799999
AXTIBUSDT,2191.8905,1790470799999
CRWVBUSDT,418.3703,1790470799999
INTWBUSDT,613.1342,1790470799999
KORUBUSDT,22113.6761,1790470799999
MUUBUSDT,856.2965,1790470799999
MVLLBUSDT,216.5388,1790470799999
ORCLBUSDT,2855.47533,1790470799999
QNTBUSDT,1490.0453,1790470799999
SNXXBUSDT,2236.8451,1790470799999
TQQQBUSDT,4050.2446,1790470799999
AAPLBUSDT,6456.05746,1790470799999
AMATBUSDT,417.94135,1790470799999
AMZNBUSDT,915.39251,1790470799999
BEBUSDT,397.12598,1790470799999
DELLBUSDT,383.00002,1790470799999
FLNCBUSDT,1215.6513,1790470799999
GSBUSDT,66.070953,1790470799999
PYPLBUSDT,424.1874,1790470799999
SMHBUSDT,571.08414,1790470799999
SOXSBUSDT,2502.0791,1790470799999
ASMLBUSDT,137.14951,1790470799999
ASTSBUSDT,574.894,1790470799999
BMNRBUSDT,2399.012,1790470799999
COHRBUSDT,631.2391,1790470799999
CRDOBUSDT,571.67353,1790470799999
IRENBUSDT,3241.4277,1790470799999
NFLXBUSDT,3486.4913,1790470799999
SMCIBUSDT,172.3026,1790470799999
USARBUSDT,879.7908,1790470799999
ALABBUSDT,71.91195,1790470799999
GMEBUSDT,2233.8973,1790470799999
