symbol,volume_24h,priority,last_1h_volume,prev_1h_volume,volume_ratio,ath_body_ratio,last_1h_close
PUMPUSDT,38.49M,OK,4.59M,1.14M,4.04,0.8256,2026-10-03 16:59 UTC
ONDOUSDT,22.92M,OK,361.77K,521.84K,0.69,0.5826,2026-10-03 16:59 UTC
NIGHTUSDT,17.53M,OK,283.49K,484.29K,0.59,1.0055,2026-10-03 16:59 UTC
SPCXBUSDT,17.15M,OK,159.00K,1.23M,0.13,0.9445,2026-10-03 16:59 UTC
UUSDT,14.62M,OK,250.80K,305.13K,0.82,0.9994,2026-10-03 16:59 UTC
XAUTUSDT,11.76M,OK,128.80K,107.32K,1.2,0.9227,2026-10-03 16:59 UTC
CRCLBUSDT,8.14M,OK,183.83K,127.45K,1.44,1.027,2026-10-03 16:59 UTC
GRAMUSDT,7.70M,OK,431.45K,327.02K,1.32,0.8568,2026-10-03 16:59 UTC
VIRTUALUSDT,7.61M,OK,171.15K,268.31K,0.64,1.4763,2026-10-03 16:59 UTC
SNDKBUSDT,6.67M,LOW,6.89K,26.42K,0.26,0.8558,2026-10-03 16:59 UTC
SKYUSDT,5.80M,LOW,90.81K,83.81K,1.08,1.1717,2026-10-03 16:59 UTC
ZAMAUSDT,5.61M,LOW,805.64K,186.72K,4.31,2.9944,2026-10-03 16:59 UTC
AEROUSDT,5.23M,LOW,369.85K,291.44K,1.27,1.6977,2026-10-03 16:59 UTC
KITEUSDT,4.42M,LOW,175.85K,231.32K,0.76,1.7581,2026-10-03 16:59 UTC
MSTRBUSDT,3.72M,LOW,39.86K,53.14K,0.75,1.5205,2026-10-03 16:59 UTC
MORPHOUSDT,3.52M,LOW,209.78K,100.52K,2.09,1.4382,2026-10-03 16:59 UTC
币安人生USDT,2.62M,LOW,11.81K,15.82K,0.75,3.5961,2026-10-03 16:59 UTC
SPKUSDT,2.26M,LOW,48.48K,33.81K,1.43,0.5857,2026-10-03 16:59 UTC
CFGUSDT,1.97M,LOW,93.00K,75.95K,1.22,1.0656,2026-10-03 16:59 UTC
MUBUSDT,1.77M,LOW,6.27K,2.71K,2.31,1.0755,2026-10-03 16:59 UTC
ATUSDT,1.71M,LOW,190.18K,32.05K,5.93,0.6679,2026-10-03 16:59 UTC
NVDABUSDT,1.69M,LOW,10.38K,11.07K,0.94,1.1371,2026-10-03 16:59 UTC
METUSDT,1.57M,LOW,129.03K,29.49K,4.38,0.639,2026-10-03 16:59 UTC
HUMAUSDT,1.51M,LOW,13.10K,8.19K,1.6,0.6309,2026-10-03 16:59 UTC
OPGUSDT,1.46M,LOW,5.77K,9.32K,0.62,0.5687,2026-10-03 16:59 UTC
SOXLBUSDT,1.36M,LOW,19.67K,7.68K,2.56,0.8457,2026-10-03 16:59 UTC
SKHYBUSDT,1.33M,LOW,53.38K,24.17K,2.21,1.1514,2026-10-03 16:59 UTC
BFUSDUSDT,1.10M,LOW,18.40K,7.23K,2.54,0.9999,2026-10-03 16:59 UTC
TSLABUSDT,1.05M,LOW,14.16K,29.37K,0.48,0.912,2026-10-03 16:59 UTC
FFUSDT,975.89K,LOW,82.81K,7.10K,11.67,0.5764,2026-10-03 16:59 UTC
INTCBUSDT,971.07K,LOW,10.23K,2.44K,4.2,0.8985,2026-10-03 16:59 UTC
CBRSBUSDT,950.90K,LOW,41.72K,991,42.11,0.8862,2026-10-03 16:59 UTC
SENTUSDT,935.12K,LOW,11.62K,84.39K,0.14,0.7981,2026-10-03 16:59 UTC
ALLOUSDT,844.98K,LOW,38.25K,3.85K,9.93,1.0853,2026-10-03 16:59 UTC
SNXXBUSDT,698.66K,LOW,3.34K,50.11K,0.07,0.9102,2026-10-03 16:59 UTC
QQQBUSDT,642.23K,LOW,14.57K,10.51K,1.39,1.0366,2026-10-03 16:59 UTC
KORUBUSDT,588.38K,LOW,416,1.08K,0.38,1.1895,2026-10-03 16:59 UTC
WDCBUSDT,551.91K,LOW,4.96K,587,8.45,0.699,2026-10-03 16:59 UTC
AIGENSYNUSDT,532.78K,LOW,15.40K,13.14K,1.17,0.5685,2026-10-03 16:59 UTC
AWEUSDT,519.88K,LOW,633,1.68K,0.38,0.977,2026-10-03 16:59 UTC
AVGOBUSDT,443.47K,LOW,2.65K,1.20K,2.2,0.9123,2026-10-03 16:59 UTC
ESPUSDT,410.56K,LOW,11.37K,7.73K,1.47,1.6607,2026-10-03 16:59 UTC
GOOGLBUSDT,350.05K,LOW,3.26K,17.96K,0.18,0.9363,2026-10-03 16:59 UTC
LITEBUSDT,284.39K,LOW,762,2.51K,0.3,1.2798,2026-10-03 16:59 UTC
KMNOUSDT,282.94K,LOW,2.39K,7.36K,0.32,0.5544,2026-10-03 16:59 UTC
AAPLBUSDT,259.35K,LOW,6.85K,10.39K,0.66,0.9804,2026-10-03 16:59 UTC
INTWBUSDT,256.37K,LOW,697,208,3.36,1.2116,2026-10-03 16:59 UTC
BABABUSDT,255.80K,LOW,3.68K,1.68K,2.18,0.9189,2026-10-03 16:59 UTC
COINBUSDT,211.29K,LOW,538,5.20K,0.1,1.0917,2026-10-03 16:59 UTC
MRVLBUSDT,205.18K,LOW,667,233,2.86,1.2247,2026-10-03 16:59 UTC
IRENBUSDT,201.74K,LOW,192,138,1.39,0.9969,2026-10-03 16:59 UTC
KGSTUSDT,196.35K,LOW,126.20K,534,236.55,0.9955,2026-10-03 16:59 UTC
NBISBUSDT,191.32K,LOW,1.39K,124,11.17,1.1203,2026-10-03 16:59 UTC
AAOIBUSDT,185.00K,LOW,11.84K,1.70K,6.95,0.921,2026-10-03 16:59 UTC
DRAMBUSDT,163.86K,LOW,784,2.29K,0.34,0.9391,2026-10-03 16:59 UTC
ORCLBUSDT,163.02K,LOW,10.25K,699,14.67,1.117,2026-10-03 16:59 UTC
NFLXBUSDT,155.72K,LOW,322,2.05K,0.16,0.9094,2026-10-03 16:59 UTC
MUUBUSDT,155.10K,LOW,3.27K,366,8.93,1.1148,2026-10-03 16:59 UTC
ARMBUSDT,154.88K,LOW,1.94K,3.45K,0.56,1.0942,2026-10-03 16:59 UTC
BMNRBUSDT,152.69K,LOW,1.45K,976,1.48,1.4017,2026-10-03 16:59 UTC
TQQQBUSDT,146.47K,LOW,825,310,2.67,1.1384,2026-10-03 16:59 UTC
SPYBUSDT,139.39K,LOW,3.93K,11.18K,0.35,1.0258,2026-10-03 16:59 UTC
AXTIBUSDT,137.88K,LOW,757,212,3.58,1.5052,2026-10-03 16:59 UTC
GMEBUSDT,137.67K,LOW,657,991,0.66,1.3385,2026-10-03 16:59 UTC
AMZNBUSDT,132.91K,LOW,124,78,1.59,0.9297,2026-10-03 16:59 UTC
HOODBUSDT,132.11K,LOW,119,1.28K,0.09,0.9978,2026-10-03 16:59 UTC
COHRBUSDT,100.99K,LOW,243,254,0.95,0.8759,2026-10-03 16:59 UTC
EWYBUSDT,98.40K,LOW,217,74,2.93,0.9333,2026-10-03 16:59 UTC
AMDBUSDT,93.26K,LOW,479,366,1.31,1.192,2026-10-03 16:59 UTC
MSFTBUSDT,91.02K,LOW,335,5.28K,0.06,1.3237,2026-10-03 16:59 UTC
PLTRBUSDT,87.95K,LOW,269,108,2.49,1.4559,2026-10-03 16:59 UTC
CRWVBUSDT,86.34K,LOW,217,527,0.41,1.1205,2026-10-03 16:59 UTC
IBMBUSDT,81.13K,LOW,524,214,2.45,1.0254,2026-10-03 16:59 UTC
CRDOBUSDT,68.07K,LOW,207,199,1.04,0.8669,2026-10-03 16:59 UTC
AMATBUSDT,64.85K,LOW,774,120,6.46,1.0632,2026-10-03 16:59 UTC
ASTSBUSDT,59.86K,LOW,168,151,1.12,0.8063,2026-10-03 16:59 UTC
TSMBUSDT,54.06K,LOW,151,980,0.15,1.126,2026-10-03 16:59 UTC
RKLBBUSDT,50.23K,LOW,399,703,0.57,0.9429,2026-10-03 16:59 UTC
QCOMBUSDT,42.50K,LOW,2.72K,134,20.38,0.9722,2026-10-03 16:59 UTC
BEBUSDT,39.83K,LOW,151,217,0.69,1.4296,2026-10-03 16:59 UTC
SMHBUSDT,38.44K,LOW,859,169,5.1,1.1713,2026-10-03 16:59 UTC
SMCIBUSDT,37.78K,LOW,1.60K,301,5.31,1.373,2026-10-03 16:59 UTC
ASMLBUSDT,36.96K,LOW,93,160,0.58,1.0702,2026-10-03 16:59 UTC
DELLBUSDT,35.91K,LOW,179,75,2.38,1.3946,2026-10-03 16:59 UTC
METABUSDT,28.66K,LOW,489,676,0.72,1.2439,2026-10-03 16:59 UTC
QNTBUSDT,27.47K,LOW,1.82K,128,14.18,0.7943,2026-10-03 16:59 UTC
FLNCBUSDT,25.22K,LOW,316,1.04K,0.31,0.5473,2026-10-03 16:59 UTC
NOKBUSDT,23.51K,LOW,213,321,0.66,0.9034,2026-10-03 16:59 UTC
MVLLBUSDT,23.20K,LOW,793,295,2.69,1.5813,2026-10-03 16:59 UTC
USARBUSDT,22.12K,LOW,1.19K,796,1.5,0.7031,2026-10-03 16:59 UTC
GLWBUSDT,20.14K,LOW,951,179,5.31,0.8408,2026-10-03 16:59 UTC
GSBUSDT,13.19K,LOW,3.05K,177,17.26,0.8734,2026-10-03 16:59 UTC
ALABBUSDT,13.10K,LOW,304,1.07K,0.28,0.9672,2026-10-03 16:59 UTC
PYPLBUSDT,9.34K,LOW,68,152,0.45,0.9071,2026-10-03 16:59 UTC
